{
  "architecture": "SetTransformerV2",
  "max_num_voters": 25,
  "max_num_alternatives": 3,
  "election_sampling": {
    "probmodel": "IC"
  },
  "num_gradient_steps": 5000,
  "d_model": 128,
  "n_heads": 8,
  "d_ff": 256,
  "n_enc_layers": 4,
  "n_inducing": 16,
  "dropout": 0.12,
  "batch_size": 64,
  "learning_rate": 0.0005,
  "warmup_steps": 1000,
  "grad_clip": 1.0,
  "weight_decay": 0.01,
  "axiom_opt": {
    "No_winner": "{'weight': 10, 'period': 'always'}",
    "All_winners": "None",
    "Inadmissible": "None",
    "Resoluteness": "None",
    "Parity": "None",
    "Anonymity": "None",
    "Neutrality": "None",
    "Condorcet1": "{'weight': 2, 'period': 'always'}",
    "Condorcet2": "None",
    "Pareto1": "None",
    "Pareto2": "{'weight': 1, 'period': 'always'}",
    "Independence": "None"
  },
  "distance": "KLD",
  "random_seed": 42,
  "final_axiom_satisfaction": {
    "Anonymity": 100.0,
    "Neutrality": 100.0,
    "Condorcet": 100.0,
    "Pareto": 100.0,
    "Independence": 76.0,
    "Average": 95.2
  },
  "axiom_history": {
    "step": [
      1000,
      2000,
      3000,
      4000,
      5000
    ],
    "Anonymity": [
      100.0,
      100.0,
      100.0,
      100.0,
      100.0
    ],
    "Neutrality": [
      100.0,
      100.0,
      100.0,
      100.0,
      100.0
    ],
    "Condorcet": [
      99.0,
      99.0,
      100.0,
      100.0,
      100.0
    ],
    "Pareto": [
      100.0,
      100.0,
      100.0,
      100.0,
      100.0
    ],
    "Independence": [
      64.0,
      83.0,
      70.0,
      76.0,
      72.0
    ],
    "Average": [
      92.6,
      96.4,
      94.0,
      95.2,
      94.4
    ]
  },
  "loss_history": {
    "step": [
      0,
      100,
      200,
      300,
      400,
      500,
      600,
      700,
      800,
      900,
      1000,
      1100,
      1200,
      1300,
      1400,
      1500,
      1600,
      1700,
      1800,
      1900,
      2000,
      2100,
      2200,
      2300,
      2400,
      2500,
      2600,
      2700,
      2800,
      2900,
      3000,
      3100,
      3200,
      3300,
      3400,
      3500,
      3600,
      3700,
      3800,
      3900,
      4000,
      4100,
      4200,
      4300,
      4400,
      4500,
      4600,
      4700,
      4800,
      4900
    ],
    "total_loss": [
      1.3513761758804321,
      0.1864168643951416,
      0.1857711672782898,
      0.053284723311662674,
      0.0800633579492569,
      0.038219671696424484,
      0.058719851076602936,
      0.04945572465658188,
      0.05359181761741638,
      0.01994488760828972,
      0.03228195011615753,
      0.09069082885980606,
      0.033918529748916626,
      0.04969586059451103,
      0.03185119107365608,
      0.03621428459882736,
      0.03829234093427658,
      0.022199492901563644,
      0.013614347204566002,
      0.023575883358716965,
      0.021852895617485046,
      0.03484034538269043,
      0.02283286117017269,
      0.017652254551649094,
      0.02751734107732773,
      0.04782550781965256,
      0.03591793403029442,
      0.02217308059334755,
      0.04563106596469879,
      0.025506243109703064,
      0.025751978158950806,
      0.01808221824467182,
      0.020804010331630707,
      0.010694892145693302,
      0.013795750215649605,
      0.025230959057807922,
      0.021383564919233322,
      0.003689330071210861,
      0.015557917766273022,
      0.024184660986065865,
      0.030889013782143593,
      0.0229561198502779,
      0.028855957090854645,
      0.017263898625969887,
      0.03000514954328537,
      0.02559577114880085,
      0.008669797331094742,
      0.016869302839040756,
      0.032196931540966034,
      0.01699947565793991
    ],
    "loss_nw": [
      1.0766292810440063,
      0.0014123227447271347,
      0.01362210139632225,
      0.0,
      0.0,
      0.0,
      0.005213571712374687,
      0.00022273976355791092,
      0.014386302791535854,
      0.005288324318826199,
      0.0012990226969122887,
      0.009083710610866547,
      0.0,
      0.0,
      0.0,
      0.0,
      0.0006705103442072868,
      0.0,
      7.218681275844574e-05,
      0.0,
      0.0,
      0.0,
      0.0,
      0.0,
      0.0,
      0.0,
      0.0010406924411654472,
      0.002035987563431263,
      0.0002065952867269516,
      0.002453988417983055,
      0.0,
      0.0,
      2.239365130662918e-05,
      0.0004658754914999008,
      0.0,
      0.0,
      0.00017191749066114426,
      0.0,
      0.0,
      0.0,
      0.0005980907008051872,
      0.0,
      0.0,
      0.0,
      0.0,
      0.0,
      0.0,
      0.0,
      0.0,
      0.0
    ],
    "loss_cond": [
      0.25721660256385803,
      0.13249777257442474,
      0.104814812541008,
      0.01894005760550499,
      0.03807619959115982,
      0.029800280928611755,
      0.0332002229988575,
      0.015598560683429241,
      0.02073494717478752,
      0.004392341710627079,
      0.010538739152252674,
      0.031039690598845482,
      0.02274209074676037,
      0.021561425179243088,
      0.013046642765402794,
      0.015563936904072762,
      0.018149835988879204,
      0.008534304797649384,
      0.004687480162829161,
      0.01277754083275795,
      0.0121591342613101,
      0.01746007241308689,
      0.006068664137274027,
      0.005650098901242018,
      0.019787350669503212,
      0.012289339676499367,
      0.02108362689614296,
      0.006153866183012724,
      0.012749004177749157,
      0.0033384833950549364,
      0.010127412155270576,
      0.0053836205042898655,
      0.012108882889151573,
      0.003656212706118822,
      0.003117660293355584,
      0.008974828757345676,
      0.006069868337363005,
      0.0009129942627623677,
      0.003982195630669594,
      0.007385327946394682,
      0.008579394780099392,
      0.003513762028887868,
      0.0074727158062160015,
      0.005625887308269739,
      0.008058002218604088,
      0.005671303253620863,
      0.002101700287312269,
      0.004031121265143156,
      0.00916541088372469,
      0.003726158756762743
    ],
    "loss_pareto": [
      0.01753031089901924,
      0.05250677466392517,
      0.06733424216508865,
      0.034344665706157684,
      0.041987158358097076,
      0.008419390767812729,
      0.0203060582280159,
      0.03363442420959473,
      0.018470564857125282,
      0.010264220647513866,
      0.02044418826699257,
      0.05056742578744888,
      0.011176439933478832,
      0.028134435415267944,
      0.01880454830825329,
      0.02065034583210945,
      0.019471993669867516,
      0.013665187172591686,
      0.008854680694639683,
      0.010798342525959015,
      0.009693760424852371,
      0.01738027110695839,
      0.016764197498559952,
      0.012002155184745789,
      0.007729991339147091,
      0.03553616628050804,
      0.013793612830340862,
      0.01398322731256485,
      0.03267546743154526,
      0.01971377246081829,
      0.01562456600368023,
      0.012698598206043243,
      0.00867273285984993,
      0.006572803948074579,
      0.010678090155124664,
      0.01625612936913967,
      0.015141778625547886,
      0.0027763359248638153,
      0.011575722135603428,
      0.016799332574009895,
      0.021711528301239014,
      0.019442357122898102,
      0.021383240818977356,
      0.011638011783361435,
      0.021947147324681282,
      0.0199244674295187,
      0.006568096578121185,
      0.012838181108236313,
      0.02303152158856392,
      0.013273317366838455
    ],