{
  "architecture": "SetTransformerV2",
  "max_num_voters": 55,
  "max_num_alternatives": 5,
  "election_sampling": {
    "probmodel": "IC"
  },
  "num_gradient_steps": 5000,
  "d_model": 128,
  "n_heads": 8,
  "d_ff": 256,
  "n_enc_layers": 4,
  "n_inducing": 16,
  "dropout": 0.12,
  "batch_size": 64,
  "learning_rate": 0.0005,
  "warmup_steps": 1000,
  "grad_clip": 1.0,
  "weight_decay": 0.01,
  "axiom_opt": {
    "No_winner": "{'weight': 10, 'period': 'always'}",
    "All_winners": "None",
    "Inadmissible": "None",
    "Resoluteness": "None",
    "Parity": "None",
    "Anonymity": "None",
    "Neutrality": "None",
    "Condorcet1": "{'weight': 2, 'period': 'always'}",
    "Condorcet2": "None",
    "Pareto1": "None",
    "Pareto2": "{'weight': 1, 'period': 'always'}",
    "Independence": "None"
  },
  "distance": "KLD",
  "random_seed": 42,
  "final_axiom_satisfaction": {
    "Anonymity": 100.0,
    "Neutrality": 100.0,
    "Condorcet": 99.0,
    "Pareto": 100.0,
    "Independence": 50.0,
    "Average": 89.8
  },
  "axiom_history": {
    "step": [
      1000,
      2000,
      3000,
      4000,
      5000
    ],
    "Anonymity": [
      100.0,
      100.0,
      100.0,
      100.0,
      100.0
    ],
    "Neutrality": [
      100.0,
      100.0,
      100.0,
      100.0,
      100.0
    ],
    "Condorcet": [
      90.0,
      90.0,
      95.0,
      100.0,
      98.0
    ],
    "Pareto": [
      100.0,
      100.0,
      100.0,
      100.0,
      100.0
    ],
    "Independence": [
      36.0,
      41.0,
      45.0,
      38.0,
      42.0
    ],
    "Average": [
      85.2,
      86.2,
      88.0,
      87.6,
      88.0
    ]
  },
  "loss_history": {
    "step": [
      0,
      100,
      200,
      300,
      400,
      500,
      600,
      700,
      800,
      900,
      1000,
      1100,
      1200,
      1300,
      1400,
      1500,
      1600,
      1700,
      1800,
      1900,
      2000,
      2100,
      2200,
      2300,
      2400,
      2500,
      2600,
      2700,
      2800,
      2900,
      3000,
      3100,
      3200,
      3300,
      3400,
      3500,
      3600,
      3700,
      3800,
      3900,
      4000,
      4100,
      4200,
      4300,
      4400,
      4500,
      4600,
      4700,
      4800,
      4900
    ],
    "total_loss": [
      1.4230858087539673,
      0.20731917023658752,
      0.21791735291481018,
      0.1187298595905304,
      0.14246290922164917,
      0.12436215579509735,
      0.08002746105194092,
      0.06479792296886444,
      0.10821700096130371,
      0.1005294919013977,
      0.0670117661356926,
      0.0419323667883873,
      0.07808727771043777,
      0.05574515834450722,
      0.07160252332687378,
      0.13706086575984955,
      0.055796340107917786,
      0.0341382697224617,
      0.05695086345076561,
      0.04355476424098015,
      0.0641997903585434,
      0.059545133262872696,
      0.05720841884613037,
      0.118349090218544,
      0.05852469801902771,
      0.0219480711966753,
      0.035194024443626404,
      0.04039673134684563,
      0.05699756368994713,
      0.042800191789865494,
      0.049566857516765594,
      0.02157215215265751,
      0.022698000073432922,
      0.07896430790424347,
      0.05710798501968384,
      0.02444276213645935,
      0.04742591083049774,
      0.008443600498139858,
      0.03584380820393562,
      0.0337916724383831,
      0.02082061395049095,
      0.04911953583359718,
      0.02801816537976265,
      0.015090370550751686,
      0.023809868842363358,
      0.043741509318351746,
      0.06864238530397415,
      0.030971096828579903,
      0.03056904673576355,
      0.04678522050380707
    ],
    "loss_nw": [
      1.0526447296142578,
      0.0,
      0.01775885373353958,
      0.01640002243220806,
      0.02069150097668171,
      0.0,
      0.00401720404624939,
      0.0,
      0.0,
      0.0,
      0.001128283329308033,
      0.0,
      0.0,
      0.003759586252272129,
      0.0002628099173307419,
      0.0135872233659029,
      0.0,
      0.0,
      0.0,
      0.000706920400261879,
      0.0004940340295433998,
      0.0,
      0.0,
      0.010424219071865082,
      0.0,
      0.0,
      0.0,
      0.0,
      0.0014148605987429619,
      0.0,
      0.0,
      0.00026238150894641876,
      0.0,
      0.001278347335755825,
      0.0,
      0.0,
      0.0017262902110815048,
      0.0,
      0.0,
      0.0,
      0.0008004903793334961,
      0.0013403920456767082,
      6.38747587800026e-05,
      0.0,
      0.0,
      0.0,
      0.0,
      0.0,
      0.0010903924703598022,
      0.0
    ],
    "loss_cond": [
      0.21925610303878784,
      0.15068916976451874,
      0.09275881946086884,
      0.0805530697107315,
      0.10148144513368607,
      0.06907782703638077,
      0.052884213626384735,
      0.04511009529232979,
      0.06878979504108429,
      0.05692816525697708,
      0.04899246245622635,
      0.03427230566740036,
      0.0706077292561531,
      0.04291830211877823,
      0.0451786071062088,
      0.049180857837200165,
      0.03558134660124779,
      0.0341382697224617,
      0.023093614727258682,
      0.03290019929409027,
      0.04771215096116066,
      0.027732640504837036,
      0.030555596575140953,
      0.0448736734688282,
      0.03846081346273422,
      0.006081343162804842,
      0.019492600113153458,
      0.02548893168568611,
      0.02972044236958027,
      0.021929487586021423,
      0.0231001116335392,
      0.011208757758140564,
      0.016344411298632622,
      0.03907746821641922,
      0.031338125467300415,
      0.013728276826441288,
      0.028301488608121872,
      0.00547926127910614,
      0.014583982527256012,
      0.020515790209174156,
      0.012567400932312012,
      0.01740865595638752,
      0.005036583635956049,
      0.011975816451013088,
      0.014822849072515965,
      0.01981145516037941,
      0.027218975126743317,
      0.017628569155931473,
      0.014728324487805367,
      0.02350510098040104
    ],
    "loss_pareto": [
      0.15118491649627686,
      0.05663000047206879,
      0.10739968717098236,
      0.02177676372230053,
      0.020289966836571693,
      0.055284325033426285,
      0.02312604710459709,
      0.019687829539179802,
      0.03942720219492912,
      0.04360133036971092,
      0.01689101941883564,
      0.007660062052309513,
      0.007479548454284668,
      0.009067271836102009,
      0.02616110071539879,
      0.07429278641939163,
      0.020214995369315147,
      0.0,
      0.03385724872350693,
      0.009947646409273148,
      0.01599360629916191,
      0.03181249275803566,
      0.02665282040834427,
      0.06305120140314102,
      0.02006388269364834,
      0.015866728499531746,
      0.015701424330472946,
      0.014907799661159515,
      0.025862261652946472,
      0.02087070420384407,
      0.026466745883226395,
      0.010101012885570526,
      0.006353588774800301,
      0.03860848769545555,
      0.025769861415028572,
      0.010714486241340637,
      0.017398133873939514,
      0.0029643389862030745,
      0.02125982567667961,
      0.01327588316053152,
      0.007452721707522869,
      0.03037048876285553,
      0.02291770651936531,
      0.003114554565399885,
      0.008987019769847393,
      0.023930052295327187,
      0.041423410177230835,
      0.01334252767264843,
      0.014750329777598381,
      0.023280121386051178
    ],