{
  "architecture": "SetTransformerV2",
  "max_num_voters": 10,
  "max_num_alternatives": 3,
  "election_sampling": {
    "probmodel": "IC"
  },
  "num_gradient_steps": 5000,
  "d_model": 128,
  "n_heads": 8,
  "d_ff": 256,
  "n_enc_layers": 4,
  "n_inducing": 16,
  "dropout": 0.12,
  "batch_size": 64,
  "learning_rate": 0.0005,
  "warmup_steps": 1000,
  "grad_clip": 1.0,
  "weight_decay": 0.01,
  "axiom_opt": {
    "No_winner": "{'weight': 10, 'period': 'always'}",
    "All_winners": "None",
    "Inadmissible": "None",
    "Resoluteness": "None",
    "Parity": "None",
    "Anonymity": "None",
    "Neutrality": "None",
    "Condorcet1": "{'weight': 2, 'period': 'always'}",
    "Condorcet2": "None",
    "Pareto1": "None",
    "Pareto2": "{'weight': 1, 'period': 'always'}",
    "Independence": "None"
  },
  "distance": "KLD",
  "random_seed": 42,
  "final_axiom_satisfaction": {
    "Anonymity": 100.0,
    "Neutrality": 100.0,
    "Condorcet": 100.0,
    "Pareto": 100.0,
    "Independence": 85.0,
    "Average": 97.0
  },
  "axiom_history": {
    "step": [
      1000,
      2000,
      3000,
      4000,
      5000
    ],
    "Anonymity": [
      100.0,
      100.0,
      100.0,
      100.0,
      100.0
    ],
    "Neutrality": [
      100.0,
      100.0,
      100.0,
      100.0,
      100.0
    ],
    "Condorcet": [
      90.0,
      98.0,
      99.0,
      100.0,
      100.0
    ],
    "Pareto": [
      100.0,
      100.0,
      100.0,
      100.0,
      100.0
    ],
    "Independence": [
      96.0,
      85.0,
      84.0,
      87.0,
      84.0
    ],
    "Average": [
      97.2,
      96.6,
      96.6,
      97.4,
      96.8
    ]
  },
  "loss_history": {
    "step": [
      0,
      100,
      200,
      300,
      400,
      500,
      600,
      700,
      800,
      900,
      1000,
      1100,
      1200,
      1300,
      1400,
      1500,
      1600,
      1700,
      1800,
      1900,
      2000,
      2100,
      2200,
      2300,
      2400,
      2500,
      2600,
      2700,
      2800,
      2900,
      3000,
      3100,
      3200,
      3300,
      3400,
      3500,
      3600,
      3700,
      3800,
      3900,
      4000,
      4100,
      4200,
      4300,
      4400,
      4500,
      4600,
      4700,
      4800,
      4900
    ],
    "total_loss": [
      1.1370989084243774,
      0.18548384308815002,
      0.17442652583122253,
      0.1093817800283432,
      0.06880871951580048,
      0.11021090298891068,
      0.07217775285243988,
      0.09597113728523254,
      0.09801141917705536,
      0.027033241465687752,
      0.05164207145571709,
      0.07957176864147186,
      0.07714390009641647,
      0.07302737236022949,
      0.054331641644239426,
      0.11543615162372589,
      0.05625316873192787,
      0.054452475160360336,
      0.04332691431045532,
      0.06110244244337082,
      0.04967118054628372,
      0.0862274244427681,
      0.06377889215946198,
      0.05848848447203636,
      0.04763273894786835,
      0.04230451583862305,
      0.04622659832239151,
      0.04934248328208923,
      0.06630469858646393,
      0.08040976524353027,
      0.05376802384853363,
      0.05327954888343811,
      0.04788373410701752,
      0.030427496880292892,
      0.04688434302806854,
      0.05379971116781235,
      0.03623319789767265,
      0.034885600209236145,
      0.03630293533205986,
      0.08690426498651505,
      0.02680618315935135,
      0.04437320679426193,
      0.04471030831336975,
      0.04515760391950607,
      0.07853680104017258,
      0.047928497195243835,
      0.05572638660669327,
      0.04881948605179787,
      0.038948364555835724,
      0.03381823003292084
    ],
    "loss_nw": [
      0.8014554977416992,
      0.015174532309174538,
      0.00234091654419899,
      0.025843441486358643,
      0.0,
      0.028728721663355827,
      0.004222220741212368,
      0.0,
      0.0,
      0.0,
      0.003525875508785248,
      0.0,
      0.0020617665722966194,
      0.0,
      0.0,
      0.0,
      0.0,
      0.0,
      0.00036862678825855255,
      0.0011670216917991638,
      0.0,
      0.0026619574055075645,
      0.0013397354632616043,
      0.0,
      0.0015955092385411263,
      0.0,
      0.0,
      0.002061789855360985,
      0.0008824141696095467,
      6.110407412052155e-05,
      0.00015974510461091995,
      0.0013725925236940384,
      0.0,
      0.0,
      0.0002678763121366501,
      0.0,
      0.0002582557499408722,
      0.0017760274931788445,
      0.0004060845822095871,
      6.048940122127533e-05,
      0.0,
      0.0,
      0.00011991709470748901,
      0.0,
      0.0007433397695422173,
      0.0007733609527349472,
      0.0008241040632128716,
      1.6191042959690094e-05,
      0.0,
      0.0
    ],
    "loss_cond": [
      0.21915605664253235,
      0.09235532581806183,
      0.09068639576435089,
      0.02817283384501934,
      0.015055280178785324,
      0.023809371516108513,
      0.023525452241301537,
      0.02866249345242977,
      0.023443570360541344,
      0.0077659511007368565,
      0.026377206668257713,
      0.02685564197599888,
      0.021762240678071976,
      0.02449498511850834,
      0.01458402257412672,
      0.03742488846182823,
      0.013290892355144024,
      0.017698250710964203,
      0.016458604484796524,
      0.015089471824467182,
      0.010010150261223316,
      0.021012263372540474,
      0.01628994010388851,
      0.01410613302141428,
      0.019269822165369987,
      0.009991655126214027,
      0.009797601029276848,
      0.012363540008664131,
      0.015024354681372643,
      0.026051560416817665,
      0.01397822517901659,
      0.013015594333410263,
      0.026987174525856972,
      0.008403670974075794,
      0.01042446680366993,
      0.016903510317206383,
      0.00945038441568613,
      0.010200915858149529,
      0.009341041557490826,
      0.020694375038146973,
      0.005986778065562248,
      0.010081770829856396,
      0.013102480210363865,
      0.009504115208983421,
      0.019669583067297935,
      0.01230945996940136,
      0.0220961794257164,
      0.011256709694862366,
      0.008045680820941925,
      0.007445726078003645
    ],
    "loss_pareto": [
      0.11648736894130707,
      0.0779539942741394,
      0.08139922469854355,
      0.05536549910902977,
      0.05375344306230545,
      0.057672809809446335,
      0.04443008080124855,
      0.06730864197015762,
      0.07456784695386887,
      0.019267290830612183,
      0.021738989278674126,
      0.052716124802827835,
      0.05331989377737045,
      0.048532385379076004,
      0.03974761813879013,
      0.07801125943660736,
      0.04296227544546127,
      0.03675422444939613,
      0.026499681174755096,
      0.04484594985842705,
      0.03966103121638298,
      0.06255320459604263,
      0.04614921659231186,
      0.044382352381944656,
      0.02676740474998951,
      0.03231285884976387,
      0.03642899915575981,
      0.03491715341806412,
      0.050397925078868866,
      0.054297104477882385,
      0.03963005542755127,
      0.03889136388897896,
      0.020896559581160545,
      0.022023824974894524,
      0.03619199991226196,
      0.036896198987960815,
      0.026524558663368225,
      0.022908655926585197,
      0.026555808261036873,
      0.06614939868450165,
      0.0208194050937891,
      0.03429143503308296,
      0.03148791193962097,
      0.0356534868478775,
      0.058123879134655,
      0.03484567627310753,
      0.03280610218644142,
      0.037546586245298386,
      0.0309026837348938,
      0.026372505351901054
    ],